Business Name,Phone Number,Address,Website,Instagram Handle
M-Fit,+92 319 0541709,"Plot No 11, Callachi Cooperative Housing Society Block 10 A Gulshan-e-Iqbal, Karachi, 75300, Pakistan",https://mfit.com.pk/,Check Website
Pure Fitness Gym 1,+92 321 2304035,"Aqsa Tower, Rashid Minhas Rd Service Ln, Block 10 A Gulshan-e-Iqbal, Karachi, Pakistan",N/A,N/A
Karachi Executive Gym for Ladies and Gents,+92 312 9090455,"Block 10-A Block 10 A Gulshan-e-Iqbal, Karachi, 75300, Pakistan",https://m.facebook.com/story.php?story_fbid=3629564337095175&id=736806313037673&sfnsn=mo&extid=G0vcg5QAo3lzbL8t,Check Website
TORO FITNESS,+92 303 2813646,"house no A-6, Long Life Bungalows, Block 17 Gulistan-e-Johar, Karachi, 07599, Pakistan",https://www.instagram.com/torofitnesspk/,Check Website
Iron City Gym,+92 323 3653846,"Moon Garden St, Block 10-A Block 11 Gulshan-e-Iqbal, Karachi, 75290, Pakistan",https://wa.me/+9203233653846,Check Website
X1 Fitness,+92 310 6568333,"First Floor, KJS, X1 Fitness, Business Complex, Main Rashid Minhas Rd, Work Co-Operative Society Block 10 A Gulshan-e-Iqbal, Karachi, 75300, Pakistan",https://www.x1fitness.com/,Check Website
Tricore Fitness,+92 315 8788666,"A3, Gulshan-e-Jamal (Railway Colony) Block C Gulshan e Jamal, Karachi, 75850, Pakistan",https://www.instagram.com/tricore.fitness,Check Website
Fitness Emporium - Best Gym In Gulshan,+92 339 2120444,"W39M+99H, B-12, Block 1 Gulshan-e-Iqbal, Karachi, 75300, Pakistan",https://www.facebook.com/fitnessemporium.pk/,Check Website
GYM X,+92 312 1057858,"Elite Residency & Shopping Mall, Sahba Akhtar Rd, Block 13D-2 Block 13 D 2 Gulshan-e-Iqbal, Karachi, 75300, Pakistan",https://www.facebook.com/GYMXBYHB,Check Website
Iron Culture Fitness,+92 334 3288995,"House #B10 Basement, Block 16 Gulistan-e-Johar, Karachi, Pakistan",N/A,N/A
Fitcon,+92 320 3739361,"ST-21/A, off Main University Road, Block 6 Gulshan-e-Iqbal, Karachi, 75300, Pakistan",https://fitconofficial.com/,Check Website
TRIFIT FITNESS CLUB (Luckyone Mall),+92 335 8743483,"LA-2/B, Block 21،, Main Rashid Minhas Rd, opp. UBL Sports, Block 21 Complex، Karachi, Karachi, Pakistan",http://www.trifit.com.pk/,Check Website
Body to Build Gym,+92 300 2737198,"W37X+F3G, Block 10 Gulshan-e-Iqbal, Karachi, Pakistan",N/A,N/A
Density Fitness Gym,+92 345 2240815,"Block 16 Gulshan-e-Iqbal, Karachi, Pakistan",http://www.densityfitness.pk/,Check Website
Get Strong Gym,N/A,"Top Floor, Ali Center, near Masjid-e-Tayyaba, Block 10 Gulshan-e-Iqbal, Karachi, Pakistan",N/A,N/A
Oxygen Gym Karachi,+92 316 2128803,"GPC 1, Block 1 Gulshan-e-Iqbal, Karachi, Pakistan",N/A,N/A
Go Lean 360 Gym / Physical Fitness Center,+92 21 33514203,"Plot C-11, Block, W3CP+2H2, 13D, near Mochi Mor, Block 13D Block 13 D Gulshan-e-Iqbal, Karachi, 75300, Pakistan",https://instagram.com/golean360.pk?utm_medium=copy_link,Check Website
Karachi Club GYM,+92 311 2447707,"2 K 1/3, near Major Ziauddin School Rd, Nazimabad Number 2 Block 2 Nazimabad, Karachi, 74400, Pakistan",N/A,N/A
Balance Lifestyle,+92 330 0009288,"1st Floor, of Karachi Broast, A-293, Block 2 Gulshan-e-Iqbal, Karachi, 74400, Pakistan",https://balancelifestylepk.com/,Check Website
Shape Up Gym,N/A,"Bashir Village Shanti Nagar, Karachi, Pakistan",N/A,N/A
GYM FLEX,+92 312 2682742,"Plot No. A51 & 52, Gulzar-e-Hijri Block 3/2 Metrovil Colony, Karachi, Pakistan",http://www.facebook.com/gymflexvol1,Check Website
24/7 Gym Gulshan,+92 300 2515013,"e, D, 167 Gulshan, Block 2 Gulshan-e-Iqbal, Karachi, 75500, Pakistan",https://perfectgymbuddy.com/product/24-7-gym-gulshan/,Check Website
24/7 Gym,+92 300 2515013,"Plot F, 10 Street 2, Nazimabad No. 4 Block 4 Nazimabad, Karachi, 74600, Pakistan",N/A,N/A
Iron Fitness Center (IFC),+92 333 0298948,"Block 4 Gulshan-e-Iqbal, Karachi, Pakistan",https://www.instagram.com/ironfitness.pk,Check Website
247-Gym,+92 335 9493874,"Johar Chowrangi Rd, near Kamran chowrangi, Mughal Hazara Goth Block 4 Gulistan-e-Johar, Karachi, 75290, Pakistan",N/A,N/A
FlexFit GYM,+92 344 9344073,"B-151 Block 11 KDA, Scheme 36 Block 11 Gulistan-e-Johar, Karachi, 75290, Pakistan",N/A,N/A
Joules Club,+92 300 1568537,"Mezzanine Floor, 02, Block 1 Gulistan-e-Johar, Karachi, 75300, Pakistan",N/A,N/A
Hanma Fitness Studio,+92 316 7911505,"Manzoor St, Block 2 Block 1 A Gulistan-e-Johar, Karachi, 35400, Pakistan",https://hanmafit.com/,Check Website
Bodyshape Gym baitul mukaram,+92 322 6789070,"B-3, Block 15 Gulshan-e-Iqbal, Karachi, 75300, Pakistan",N/A,N/A
(TFR) The Fitness Revolution,+92 346 2223903,"Block- C , Plot #07 , Main Hadi Market, Basement of Meezan Bank Nazimabad 4, Block 4 Nazimabad, Karachi, 74600, Pakistan",N/A,N/A
Female Fitness & Beauty Studio,+92 346 2872786,"Rufi Green City, Ground Floor، Flat # BG 03, Block 18 Perfume chowk،, Block 18 Gulistan-e-Johar, Karachi, Pakistan",https://www.facebook.com/femalefitnesss/,Check Website
Fittastic The Gym,+92 309 4995248,"E 112, Block 13 A, Railway Society Gulshan e Iqbal Block 13 A Gulshan-e-Iqbal, Karachi, Pakistan",N/A,N/A
Get Smart Gym Gulshan,+92 21 34173773,"Sawana City, Mezzanine floor, Block 13D-2, Sehba, Sahba Akhtar Rd, Block 13 D 3 Gulshan-e-Iqbal, Karachi, Pakistan",http://chainofgetsmartgym.com/,Check Website
MH Fitness Zone,+92 300 8735457,"B-11 Adnan Khalil St, Block 4 Gulshan-e-Iqbal, Karachi, 75300, Pakistan",https://web.facebook.com/MH.fitnesszonee,Check Website
Physique Gym & Fitness,+92 333 7388212,"662, Block 6 Liaquatabad Town, Karachi, Pakistan",N/A,N/A
B-Fit Gym,+92 309 5999119,"Life Pharmacy, street, opposite Mustafa Masjid, Dhoraji Cp & Berar Chs, Karachi, 74300, Pakistan",N/A,N/A
"Body Matters Gym & Fitness, Professional Trainers Bodybuilding Club",+92 321 2929932,"Block 14 Gulshan-e-Iqbal, Karachi, Pakistan",N/A,N/A
Get Smart Gym Garden,+92 21 32291223,"Plot No.322-B, Nishtar Road, Garden, next to PSO Petrol Pump, Chapra Square, Karachi, Pakistan",http://chainofgetsmartgym.com/,Check Website
Ferric Fitness,+92 319 2713005,"Plot No: 3/147, near Tooso Restaurant, Bahadurabad BMCHS Sharafabad, Karachi, 07482, Pakistan",N/A,N/A
Body Complex باڈی کمپلیکس,+92 321 2365914,"W4CF+5MQ, Block 15 Gulistan-e-Johar, Karachi, Pakistan",https://m.facebook.com/Body-Complex-Gym-249115575121110/,Check Website
Force Fitness Chapter 2,+92 332 2582150,"W35P+3FQ, Block-8 Block 8 Gulshan-e-Iqbal, Karachi, Pakistan",N/A,N/A
Garage Gym Athlete,+92 322 8240620,"W45J+J5Q, Bait Ul Hina Apartments, Cantonment Graveyard Rd, Block 18 Gulistan-e-Johar, Karachi, Pakistan",N/A,N/A
FiGym Ladies Fitness Club,+92 312 3378616,"B-4, 4th Floor, Al-Shams Center, Block 13-A University Road, 13 A, Block 13 A Gulshan-e-Iqbal, Karachi, 75300, Pakistan",http://www.figym.com/,Check Website
Bobby Gym,+92 302 3455770,"26/4 Jamshed Rd, Jamshed Quarters Shikarpur Colony, Karachi, Pakistan",N/A,N/A
Youfit Gym,+92 322 2669839,"33, Block 14 Gulistan-e-Johar, Karachi, 75500, Pakistan",N/A,N/A
Center of Gravity Gym,+92 315 2269636,"46, C.P. & Berar Society Cp & Berar Chs, Karachi, Pakistan",N/A,N/A
Fitness World Gym,+92 315 2269636,"46, C.P. & Berar Society Cp & Berar Chs, Karachi, Pakistan",N/A,N/A
Naureen Fitness Gym,+92 336 3432922,"Plot L 5, Block 16 Gulshan-e-Iqbal, Karachi, Pakistan",N/A,N/A
Befit Gym,+92 336 3432922,"Plot L 5, Block 16 Gulshan-e-Iqbal, Karachi, Pakistan",N/A,N/A
Fitness World فِٹنس وَرلڈ,+92 335 0210612,"Unique Classic, St 18, Block 15 Gulistan-e-Johar, Karachi, 74600, Pakistan",N/A,N/A
